"","clusters","regression_value","after_Jan2010_count","after_Jan2014_count","after_Jun2014_count","after_Jan2015_count","weighted_regression_value","ratings_avg","users_sum"
"2060",4,102,27,11,11,5,118.3683333,3.049158509,38.82
"2285",47,94.5,19,4,3,1,92.98333335,4.313437452,21.55666667
"2073",112,4.5,1,1,1,1,6,2,3
"1516",4,393,118,32,30,15,594.9033333,3.28403717,181.15
"822",25,40.5,7,5,3,0,31.725,4.565843128,6.948333333
"3120",3,30,6,2,2,0,30.49166667,5,6.098333333
"1764",168,184.5,32,9,7,4,209.335,4.529753318,46.21333333
"1574",344,12,4,1,1,0,31.61833333,4.60461165,6.866666667
"1221",13,13.5,2,0,0,0,31.04166667,5,6.208333333
"617",32,220,47,15,11,6,446.755,3.906225409,114.37
"3205",540,21,6,1,1,1,23.69333334,3.371916509,7.026666667
"90",19,165,43,10,8,5,190.8916667,3.027623579,63.05
"3061",25,259,67,20,14,5,521.2333332,3.817626953,136.5333333
"2232",32,27,6,0,0,0,35.405,4.718569525,7.503333333
"3540",90,12,4,4,4,4,16.66666667,1.724137931,9.666666667
"697",192,36,9,2,2,0,43.39166665,3.996162701,10.85833333
"263",3,6,3,2,2,1,6.439999999,1.72885906,3.725
"3124",168,14,3,3,1,1,7.714999999,2.745551601,2.81
"1399",32,969.5,229,65,42,18,1370.485,3.808542567,359.845
"2563",464,36,9,4,4,2,44.62333334,3.669682018,12.16
"1854",377,15,3,0,0,0,7.260000001,2.830409357,2.565
"509",4,84,22,8,7,6,184.565,3.712212128,49.71833333
"1657",4,85.5,18,10,10,8,176.8,4.226968441,41.82666667
"3400",73,94.5,25,3,3,3,109.6666666,3.615384615,30.33333333
"1996",4,9,2,0,0,0,52.5,3,17.5
"1200",287,14,4,1,1,0,19.01833333,3.856370395,4.931666667
"234",4,103.5,23,14,12,8,109.9916667,4.74136073,23.19833333
"1427",181,14,3,1,0,0,17.37166667,3.671363156,4.731666667
"2450",2,12,9,4,2,0,21.69166668,1.970775288,11.00666667
"2856",505,30,6,5,5,0,49.29166667,5,9.858333333
"3084",19,499.5,100,34,27,16,602.4266669,4.138351099,145.5716667
"127",54,7.5,2,0,0,0,5.433333332,2.523219814,2.153333333
"1908",2,42,10,1,1,0,37.38333333,4.035624325,9.263333333
"3306",2,35,7,7,7,3,32.1,4.848942598,6.62
"3157",4,54,17,8,4,2,67.74000001,3.099519561,21.855
"1016",183,176,40,20,17,4,176.1283333,3.858514678,45.64666667
"1685",13,148,32,6,6,1,389.5566666,4.202866236,92.68833333
"714",4,38.5,11,5,4,1,64.01333333,3.885483055,16.475
"483",33,100,21,11,8,3,111.075,3.740318779,29.69666667
"2275",19,13.5,3,1,0,0,17.95833333,4.425051335,4.058333333
"3332",261,135,43,21,18,8,160.235,2.984355114,53.69166667
"2709",4,13.5,2,2,1,0,15.385,4.25,3.62
"2102",404,6,3,2,2,2,6,2,3
"2061",32,1360,288,81,61,19,1859.285,3.804098822,488.7583333
"87",31,32,6,3,3,2,27.525,4.66130398,5.905
"1171",57,112.5,24,6,6,2,304.0566667,4.778386024,63.63166667
"3321",32,17.5,1,0,0,0,24.31333333,1.8221334,13.34333333
"945",3,150.5,40,14,14,14,198.6666667,3.29281768,60.33333333
"556",19,36,7,0,0,0,234.4933333,4.722927157,49.65
"3161",536,15,3,1,1,0,11.975,5,2.395
"1096",273,6,3,1,1,1,9.506666665,1.627853881,5.84
"2160",3,70,11,3,2,1,54.12166665,4.841657969,11.17833333
"3298",32,44,8,0,0,0,107.8116667,3.770297838,28.595
"173",3,84,24,14,14,14,105.3333333,3.472527473,30.33333333
"3325",3,108,16,5,3,1,122.1633333,4.052972076,30.14166667
"2203",25,816,150,40,35,18,1099.445,4.002445151,274.6933333
"292",15,21,5,0,0,0,55.39833333,3.378290477,16.39833333
"1454",112,28,5,1,1,1,31.61333333,3.274861878,9.653333333
"3458",9,103.5,23,8,8,4,182.9483334,4.48439415,40.79666667
"1348",2,296,66,17,14,6,433.85,4.010445554,108.18
"3002",3,206.5,50,15,10,6,208.8316667,3.776568811,55.29666667
"1150",4,10.5,2,2,2,1,14.23833334,3.986467569,3.571666667
"855",221,12,4,0,0,0,11.95,2.754514022,4.338333333
"2787",494,196,40,12,6,3,246.0433333,3.8604116,63.735
"2501",15,57.5,14,0,0,0,79.73333331,2.592251422,30.75833333
"2997",181,21,5,1,1,1,50.68666668,3.572838346,14.18666667
"3199",102,4.5,2,1,0,0,7.464999998,1.783751493,4.185
"1205",25,25,4,2,2,1,18.625,5,3.725
"1252",94,15,4,2,1,1,14.23833333,2.411233418,5.905
"1483",20,52,11,3,1,1,85.43333335,4.055379747,21.06666667
"934",7,36,13,4,3,0,86.93333332,3.123166277,27.835
"3016",3,18,3,1,1,0,17.10333333,3.015574493,5.671666667
"806",211,7.5,3,1,1,1,17.345,2.939000282,5.901666667
"3558",255,13.5,2,1,0,0,12.725,5,2.545
"979",3,92,17,5,2,2,64.5,3.953417101,16.315
"2245",4,40,8,3,3,1,56.425,4.912929909,11.485
"932",57,896,159,42,31,12,2285.441667,4.240492433,538.9566667
"905",234,45,10,4,2,2,53.01666669,4.666275488,11.36166667
"18",3,75,11,0,0,0,53.28166668,2.504229986,21.27666667
"52",2,665,135,42,27,8,892.8016667,3.658798298,244.015
"381",19,25,5,3,3,1,59.40833335,4.917229963,12.08166667
"437",2,469,116,45,34,14,582.0416666,3.677678553,158.2633333
"2046",7,49,16,10,9,7,137.6416667,3.712185913,37.07833333
"1436",10,31.5,4,2,2,0,85.59833335,4.514283203,18.96166667
"2620",73,20,4,2,2,2,18.2,5,3.64
"367",25,103.5,19,6,5,1,101.6083333,4.585213598,22.16
"3387",562,24.5,5,2,1,1,28.98833333,3.796769264,7.635
"3073",198,16,4,1,1,0,13.27166667,3.928465713,3.378333333
"3336",15,348,70,24,19,8,542.1616667,4.141642158,130.905
"2888",15,25,6,2,1,1,28.65833333,4.564640297,6.278333333
"267",2,13.5,1,0,0,0,6.758333335,5,1.351666667
"2850",3,45.5,12,5,4,2,113.9283334,3.818400179,29.83666667
"1753",370,10.5,2,1,1,1,9.1,5,1.82
"2032",10,16,7,1,0,0,21.27333333,1.877058824,11.33333333
"2796",3,21,4,2,0,0,13.84166667,3.862790698,3.583333333
"1402",10,40,9,0,0,0,31.74,3.87309335,8.195
"2416",2,28,8,3,2,1,26.57166667,3.452360329,7.696666667
"1278",4,244,55,24,14,9,368.0816667,4.011424939,91.75833333
"2991",3,124,25,10,5,1,251.8716666,4.0220099,62.62333333
"2944",350,76.5,16,5,4,2,69.58833335,4.558187773,15.26666667
"2649",147,58.5,11,3,3,1,123.8983333,4.390444129,28.22
"1442",329,15,5,3,2,1,22.48,3.395770393,6.62
"890",229,14,5,2,2,1,17.54,3.859185919,4.545
"991",32,30,6,1,1,1,26.025,5,5.205
"515",2,120,37,11,9,4,138.1716667,2.924680731,47.24333333
"694",3,59.5,16,2,1,0,56.075,3.357784431,16.7
"566",19,25,10,0,0,0,22.44,2.538461538,8.84
"85",4,20,4,3,3,3,47.43333334,5,9.486666667
"3276",4,52.5,16,13,12,2,59.96499999,3.576796898,16.765
"1823",4,248.5,52,1,1,0,789.7433334,4.170004928,189.3866667
"2056",3,63,13,4,3,0,57.77333332,3.803796774,15.18833333
"1364",10,12,3,0,0,0,19.35333333,3.571824054,5.418333333
"274",67,12,3,1,1,0,25.39166667,3.695124909,6.871666667
"2162",37,20,4,1,1,0,20.51333333,4.175033921,4.913333333
"736",15,31.5,6,0,0,0,27.83333333,3.581385374,7.771666667
"2729",3,12,8,4,3,3,11.725,1.517799353,7.725
"2209",3,1130.5,303,74,58,24,1544.93,3.560840504,433.8666667
"596",60,6,3,1,0,0,5.439999999,1.996330275,2.725
"2471",10,20,4,1,1,0,93.77166665,4.227122464,22.18333333
"1052",32,456,96,28,20,9,645.0383334,4.076071617,158.25
"2097",32,112,29,17,15,6,167.7216667,3.64995829,45.95166667
"286",4,70,22,0,0,0,144.56,3.16705006,45.645
"3258",57,269.5,71,32,23,6,419.8566665,3.846837492,109.1433333
"2614",3,28,8,0,0,0,34.23499999,2.549460097,13.42833333
"302",90,36,8,1,1,0,40.26166667,4.222513547,9.535
"409",4,1376,315,204,155,68,1839.536667,3.816730064,481.9666667
"1475",2,12,2,2,2,0,16.265,3.601107011,4.516666667
"3046",3,132,31,20,20,15,176.865,3.701653411,47.78
"2587",2,14,3,1,0,0,22.95,3,7.65
"941",131,14,3,1,0,0,12.60666667,3.018355946,4.176666667
"1635",15,8,3,1,0,0,37.70666667,2.14771217,17.55666667
"328",113,13.5,3,0,0,0,10.78,4.408997955,2.445
"1405",4,16,3,2,1,0,24.005,3.532744665,6.795
"1640",8,1068,242,71,56,20,1350.078333,4.187501292,322.4066667
"1927",19,40.5,6,3,3,3,30,5,6
"282",3,20,4,2,2,2,25,5,5
"271",3,10.5,3,2,1,1,14.43,3.060445387,4.715
"40",24,30,5,1,1,1,23.2,5,4.64
"2827",502,13.5,3,1,1,1,16.95333333,4.534997771,3.738333333
"423",57,14,4,2,1,0,16.65,3.103448276,5.365
"1260",300,17.5,4,1,0,0,69.15666669,4.259289674,16.23666667
"1138",255,7.5,3,2,2,1,16.49333334,2.870069606,5.746666667
"623",3,404,93,37,26,9,471.0516666,3.883360813,121.3
"1351",19,18,4,1,1,0,26.85833333,4.13948112,6.488333333
"632",31,12.5,5,1,1,0,11.72333333,2.430545957,4.823333333
"1457",65,175.5,36,0,0,0,304.2583333,4.510872251,67.45
"2390",3,31.5,8,8,8,0,33.18333333,3.793103448,8.748333333
"88",19,35,7,1,0,0,23.27666667,2.770482047,8.401666667
"304",32,12,3,1,1,1,15,4.090909091,3.666666667
"3433",15,7.5,3,0,0,0,5.631666669,2.394755493,2.351666667
"2954",2,36,8,4,3,1,93.13166666,4.579119889,20.33833333
"555",168,58.5,9,3,2,0,37.95,4.230769231,8.97
"2757",13,15,0,0,0,0,26.215,2.712832011,9.663333333
"2838",3,18,3,1,0,0,10.87166667,4.363210702,2.491666667
"2929",252,27,5,0,0,0,53.50666667,2.932675619,18.245
"2182",2,60,14,7,5,3,99.77833331,3.578421996,27.88333333
"3365",15,24,6,1,1,1,53.66666665,4.351351351,12.33333333
"160",19,66,25,9,7,3,119.0033333,2.349368255,50.65333333
"2117",15,44,10,6,5,2,54.32833334,4.264390372,12.74
"208",10,40,8,4,1,1,149.0833333,4.858772406,30.68333333
"2300",15,542.5,144,52,37,13,638.7766667,3.269992407,195.345
"487",148,52,16,6,2,1,153.84,4.037795276,38.1
"1054",255,280,65,23,18,9,370.5833333,4.142601632,89.45666667
"3460",2,65,17,7,6,3,104.595,2.687550854,38.91833333
"1856",318,36,6,1,1,0,50.74833334,3.693026076,13.74166667
"3026",15,25,5,3,3,1,24.05,5,4.81
"1488",99,20,5,1,1,1,19.4,4.145299145,4.68
"1673",3,36,7,2,1,1,42.29666666,4.277431316,9.888333333
"70",19,20,6,1,1,1,31.32666668,2.724847782,11.49666667
"770",207,20,3,1,1,0,58.31666665,5,11.66333333
"3520",101,25,5,0,0,0,45.04166667,5,9.008333333
"390",126,27,6,3,2,2,41.95333334,4.508687086,9.305
"1506",2,464,104,44,31,17,558.2883334,3.735827803,149.4416667
"3491",99,15,3,0,0,0,16.3,5,3.26
"1479",19,129.5,31,6,4,1,211.0583333,3.526553232,59.84833333
"242",3,55,22,22,22,7,64.80666666,2.610014767,24.83
"2585",467,12,4,3,3,1,11.41166667,2.893913779,3.943333333
"29",7,22.5,5,0,0,0,30.20666667,4.623469388,6.533333333
"1067",203,477,81,23,20,7,499.4666666,4.190918372,119.1783333
"7",8,15,3,2,2,2,14.1,5,2.82
"2982",270,10.5,3,2,1,1,9.620000001,3.311531842,2.905
"1933",5,47.5,18,2,0,0,134.6966667,2.647600328,50.875
"795",25,15,4,3,0,0,67.76333335,4.46349764,15.18166667
"607",15,8,3,1,0,0,11.77,1.707859734,6.891666667
"3374",4,90,19,5,5,4,95.28833334,4.438208353,21.47
"373",3,122.5,38,0,0,0,115.3266666,2.683992087,42.96833333
"536",164,18,3,1,0,0,13.49833333,4.657274296,2.898333333
"2189",413,9,3,2,2,0,9.315,3,3.105
"3380",252,21,3,1,1,1,34.25000001,2.496962333,13.71666667
"998",65,104,19,15,15,8,164.0233333,3.847001798,42.63666667
"2924",37,13.5,2,0,0,0,19.13333334,5,3.826666667
"3517",65,108.5,25,7,7,1,111.9383333,3.439670183,32.54333333
"1898",25,20,4,2,1,1,23.985,4.491573034,5.34
"1997",390,13.5,3,0,0,0,13.27833333,4.75641791,2.791666667
"1562",343,18,9,2,2,0,19.99500001,1.889588912,10.58166667
"1921",32,87.5,12,0,0,0,81.07666667,3.954637834,20.50166667
"1022",3,15,3,1,0,0,15.29166667,5,3.058333333
"1477",4,19,19,9,8,3,55.82166665,1.085004373,51.44833333
"2208",4,112,28,6,5,1,204.0516666,3.690682181,55.28833333
"2988",365,22.5,2,1,1,0,57.10666668,4,14.27666667
"1448",3,20,3,3,3,3,15,5,3
"2727",19,30,9,2,1,0,22.49166667,2.993566992,7.513333333
"1066",124,96,41,16,13,6,135.0416667,2.000913716,67.49
"2591",2,52.5,11,1,0,0,92.85499999,3.669432918,25.305
"2163",3,15,5,0,0,0,40.95333332,3.231457128,12.67333333
"873",223,40.5,9,4,1,1,41.27333333,4.323324022,9.546666667
"125",4,65,8,3,2,1,65.56666665,5,13.11333333
"3249",24,24,6,2,2,1,56.83333333,4.082854406,13.92
"3272",4,1516.5,313,191,147,68,1828.515,4.249445148,430.295
"2177",73,1080,258,102,79,43,1385.423333,4.299107859,322.2583333
"1616",3,57.5,19,5,5,2,122.1683333,3.067372474,39.82833333
"1591",204,52.5,11,3,3,0,95.07166668,3.843349953,24.73666667
"1566",19,84,19,6,5,3,136.0166667,3.340701625,40.715
"889",4,20,4,1,1,1,22.3,5,4.46
"1273",302,13.5,0,0,0,0,33.8,4.0625,8.32
"587",99,48,13,3,2,1,51.83333334,4.241680306,12.22
"3014",2,16,0,0,0,0,28.345,4.262406015,6.65
"2677",7,148,34,11,10,2,142.7633333,3.824871623,37.325
"958",7,126,38,18,11,7,133.9666666,3.171559343,42.24
"51",4,45,18,4,4,1,108.9483333,2.402918688,45.34
"2385",88,1197,219,59,38,16,1685.505,4.189411545,402.325
"320",8,70,18,7,6,3,68.48500001,3.21425219,21.30666667
"3370",4,15,3,0,0,0,16.43333334,5,3.286666667
"2741",4,560,152,69,69,69,840,3.652173913,230
"2093",32,21,5,1,0,0,14.25666667,3.257425743,4.376666667
"2573",15,21,5,0,0,0,30.05333334,3.334319527,9.013333333
"2010",393,60,20,6,6,4,60.04499999,2.844611133,21.10833333
"629",174,38.5,9,3,1,0,35.81833334,3.401012818,10.53166667
"3227",32,36,3,0,0,0,27.93,3.379310345,8.265
"153",15,63,14,9,8,3,152.265,3.742534103,40.685
"2369",2,912,242,74,48,17,914.1116667,2.753528092,331.9783333
"1659",19,70,19,10,9,7,152.6783333,3.708184909,41.17333333
"3003",409,20,5,3,2,0,19.055,4.201764057,4.535
"1282",307,45.5,11,5,5,5,38.99999999,3.441176471,11.33333333
"3292",4,66.5,18,11,8,2,67.40666666,3.272962693,20.595
"1993",47,58.5,12,4,4,1,70.36833333,4.472089821,15.735
"213",15,28,8,3,3,0,39.50499999,3.867983029,10.21333333
"1864",139,80.5,18,7,5,1,94.99333334,3.527853429,26.92666667
"2960",12,35,8,7,6,4,25.575,3.314970836,7.715
"43",15,152.5,47,21,14,10,160.4816667,2.373111522,67.625
"3490",60,353.5,94,25,19,1,581.5400001,3.883881165,149.7316667
"1910",4,64,15,8,8,5,57.93833334,3.832745314,15.11666667
"1788",10,507.5,125,63,46,24,667.2300002,3.740672566,178.3716667
"3425",32,10.5,2,1,1,1,15.45333333,3.6105919,4.28
"359",92,328,80,23,16,5,501.5033335,4.232929128,118.4766667
"1159",3,15,3,2,2,0,14.71666667,5,2.943333333
"3349",248,13.5,3,1,1,1,27.65333334,4.150075038,6.663333333
"564",4,20,5,3,2,1,36.48833333,4.123752119,8.848333333
"2590",219,12,7,3,2,0,10.66666667,1.398601399,7.626666667
"1295",177,72,16,6,6,4,130.1716667,4.120660547,31.59
"2299",19,77,19,3,2,1,135.3333333,3.053664774,44.31833333
"3259",15,139.5,27,9,8,2,122.1733334,4.729595458,25.83166667
"330",19,87,27,27,27,7,122.0683333,2.828930089,43.15
"283",45,56,12,5,4,1,81.16166668,4.655990056,17.43166667
"2192",15,10.5,2,0,0,0,3.706666666,2.449339207,1.513333333
"443",141,84,19,9,7,3,98.08333335,3.930145586,24.95666667
"3402",1,63,20,11,7,2,59.17833333,3.134722345,18.87833333
"2691",4,33,9,3,3,1,64.63,2.860156365,22.59666667
"717",19,50,9,3,2,0,41.225,5,8.245
"1297",15,35,6,4,2,0,65.10833333,2.834288616,22.97166667
"1609",1,14,4,1,0,0,47.75166666,4.001536313,11.93333333
"2782",4,55,11,5,3,1,52.23333335,5,10.44666667
"1567",97,45.5,11,3,2,1,55.01,3.601309329,15.275
"3480",3,17.5,7,1,1,0,37.37166667,3.113873073,12.00166667
"2672",2,51,14,7,5,3,56.38833334,3.127472731,18.03
"2908",512,20,4,3,3,0,18.54166667,5,3.708333333
"2717",15,10.5,2,0,0,0,9.566666668,3.181818182,3.006666667
"522",80,10,3,1,0,0,4.158333335,1.408808583,2.951666667
"2025",32,20,4,1,0,0,16.35,4.711815562,3.47
"2318",4,67.5,22,8,5,3,133.255,2.825394021,47.16333333
"1240",4,645,202,151,106,44,953.2183334,3.388979747,281.27
"148",3,462,101,28,23,13,600.5916669,3.814693273,157.4416667
"3484",4,15,6,3,0,0,26.31833333,2.375658192,11.07833333
"3008",25,10.5,2,0,0,0,19.41333333,4,4.853333333
"1634",2,201,67,28,19,11,218.9883333,2.895777317,75.62333333
"392",13,200,41,12,9,1,292.3283333,4.19790819,69.63666667
"546",166,32,7,2,2,1,25.095,3.834224599,6.545
"3432",171,51,18,9,8,3,83.655,3.156991006,26.49833333
"3065",19,483,99,32,22,8,534.3233335,3.556189061,150.2516667
"3234",40,4.5,2,0,0,0,1.64,1,1.64
"3538",2,27,10,3,3,3,48.66666668,3.318181818,14.66666667
"3186",3,45,13,4,2,2,108.3466667,3.707328201,29.225
"1826",4,40,9,2,2,1,34.21,4.131642512,8.28
"1262",3,203,54,11,9,3,224.1266667,3.647598123,61.445
"23",15,16,11,6,4,1,37.46499999,2.141061053,17.49833333
"1565",177,15,6,0,0,0,11.52833333,2.070338222,5.568333333
"427",92,15,3,0,0,0,29.54,4,7.385
"529",163,7.5,2,1,0,0,4.355,2.524637681,1.725
"1068",32,36,6,1,0,0,28.05,4.375975039,6.41
"2141",7,27,8,6,3,1,38.63,3.283467913,11.765
"290",25,486,97,34,29,12,565.855,3.784350443,149.525
"1246",32,304,63,21,16,6,675.9066665,4.256517906,158.7933333
"3229",177,12,2,0,0,0,14.20666667,4,3.551666667
"3393",90,12,4,1,1,1,10.08,2.311926606,4.36
"2637",33,35,12,6,4,1,34.91000001,2.428240204,14.37666667
"33",15,423.5,120,31,26,12,614.735,3.400835362,180.76
"2608",19,22.5,5,0,0,0,35.33333333,4.686118479,7.54
"2641",475,56,12,5,3,1,93.495,3.777321392,24.75166667
"2841",47,27,5,1,1,0,18.35833333,3.874428421,4.738333333
"767",67,13.5,4,0,0,0,15.97,2.791958042,5.72
"247",19,16,4,0,0,0,14.60833333,3.773138183,3.871666667
"1592",154,20,3,2,2,2,32.08,3.662100457,8.76
"2323",409,472,104,34,24,11,644.5933333,4.12936152,156.1
"859",3,84,31,5,4,3,155.2016667,2.971883577,52.22333333
"1421",9,21,5,0,0,0,12.90666667,2.976172175,4.336666667
"3262",10,10,2,0,0,0,2.903333333,1.559534467,1.861666667
"3295",19,232,53,31,28,10,270.8033333,3.792586714,71.40333333
"892",10,45,9,5,3,2,50.875,5,10.175
"2293",350,17.5,6,3,1,1,12.765,2.429115128,5.255
"2144",4,34,14,1,1,0,29.74500001,1.88478192,15.78166667
"105",32,202.5,33,14,7,4,269.365,4.192125126,64.255
"2324",19,18,8,2,0,0,54.61666667,2.119389471,25.77
"948",243,20,4,3,3,0,14.055,3.975954738,3.535
"1343",88,15,2,1,1,0,9.058333335,5,1.811666667
"2754",443,16,4,1,0,0,12.335,3.891167192,3.17
"2750",20,28,5,2,2,0,71.67500001,4.297921247,16.67666667
"3114",530,12.5,4,3,1,1,7.345,2.023415978,3.63
"3053",15,12,2,0,0,0,22.04,3.88028169,5.68
"1042",142,260,56,22,19,4,304.8,3.808333854,80.035
"1401",326,56,17,13,13,7,53.255,3.292426584,16.175
"165",2,30,10,2,1,0,48.76500001,3.244151236,15.03166667
"1396",7,51,15,5,3,0,153.7333333,3.82532244,40.18833333
"129",15,400,90,36,24,9,730.9049998,4.042318044,180.8133333
"1446",3,22.5,5,2,2,1,25.85833333,4.641040981,5.571666667
"1046",19,20,5,2,2,0,20.38333333,3.963058976,5.143333333
"3235",142,121.5,26,9,5,4,107.1783334,4.468246248,23.98666667
"326",3,9,3,0,0,0,18.69333333,3.446834665,5.423333333
"2131",3,45,8,8,8,6,39.05,5,7.81
"2328",4,22.5,4,3,3,3,21.33333333,4.571428571,4.666666667
"1106",183,42,12,5,4,2,47.16666668,3.087497273,15.27666667
"1169",47,80,13,3,2,0,164.015,4.450881954,36.85
"491",15,12.5,4,0,0,0,5.775,1.931438127,2.99
"3044",3,99,21,16,14,2,98.355,4.617605634,21.3
"299",32,812,193,97,77,36,1087.375,4.052052344,268.3516667
"1658",11,15,5,1,0,0,47.34166665,2.517727353,18.80333333
"55",31,91,23,5,3,0,103.7433333,3.269737879,31.72833333
"2699",2,13.5,3,0,0,0,10.525,4.566160521,2.305
"742",200,220.5,49,15,14,6,432.8533333,4.733223984,91.45
"2751",65,52.5,15,6,6,5,51.62,3.46326736,14.905
"3360",17,25,5,2,1,1,25.29166667,5,5.058333333
"1391",322,7.5,2,0,0,0,28.95333334,3.212278107,9.013333333
"2660",15,84,19,1,1,1,124.1133333,3.426809627,36.21833333
"2475",10,80,14,11,9,0,167.1033333,4.226897133,39.53333333
"1378",15,9,3,0,0,0,17,2.428571429,7
"3007",523,12,3,0,0,0,12.12,1.590551181,7.62
"2443",4,9,1,0,0,0,20.965,2.610834371,8.03
"2935",33,12,3,2,1,0,22.1,4,5.525
"3248",4,256,53,21,13,7,378.2666667,4.079226428,92.73
"438",3,18,9,3,2,0,41.105,2.240257971,18.34833333
"3565",4,70,11,2,1,0,150.95,4.641283181,32.52333333
"1215",16,8,4,0,0,0,6.410000001,2.047923323,3.13
"1198",32,49.5,10,3,3,1,64.46333332,3.941907868,16.35333333
"3162",2,99,25,3,3,2,110.1866667,3.2947274,33.44333333
"1259",55,36,7,1,1,1,29.85833333,4.262431596,7.005
"1456",3,18,5,4,3,1,15.955,3.38388123,4.715
"1906",383,9,0,0,0,0,2.725,5,0.545
"1084",3,20,2,1,1,0,11.35,5,2.27
"3009",4,119,32,8,6,1,246.4633333,3.492053746,70.57833333
"1883",380,27,8,4,1,0,43.19333334,3.186524038,13.555
"2901",99,16,4,4,4,0,68.17666666,3.830508475,17.79833333
"1473",15,30,6,3,2,1,29.875,4.68627451,6.375
"2664",25,44,7,1,1,0,48.195,4.019599666,11.99
"157",2,213,67,25,22,11,242.6283333,3.018328461,80.385
"1232",10,189,42,23,17,8,192.9483333,4.615804792,41.80166667
"440",140,3,3,2,1,0,2.81,1,2.81
"2338",15,45,7,0,0,0,98.81166669,4.698232824,21.03166667
"2500",25,258,71,19,12,0,307.96,3.139139003,98.10333333
"2927",15,48,10,4,3,2,42.93,4.351748606,9.865
"121",2,12,3,0,0,0,24.8,3.846949328,6.446666667
"2814",1,24,5,0,0,0,16.34166666,4.026694045,4.058333333
"1785",19,25,5,1,0,0,23.625,5,4.725
"3472",15,18,4,1,0,0,15.04333333,4.43974422,3.388333333
"2532",461,10,4,1,1,1,55.66,3.642670157,15.28
"3264",19,18,6,6,5,2,68.89,3.822974473,18.02
"1296",204,15,5,2,2,0,30.53999999,2.656037107,11.49833333
"172",69,20,4,2,1,1,17.725,5,3.545
"2357",35,21,6,5,4,1,17.56333333,2.797451553,6.278333333
"445",15,16,4,1,1,0,14.005,3.759731544,3.725
"1682",22,32,8,3,2,2,107.285,4.257059718,25.20166667
"3033",32,185.5,48,19,17,7,314.6983333,3.654962157,86.10166667
"1649",15,20,4,3,2,2,18.245,4.238095238,4.305
"1065",15,31.5,4,0,0,0,55.85999998,3.835660334,14.56333333
"1558",4,211.5,40,1,1,0,258.1133334,4.652227463,55.48166667
"1759",46,66,18,7,6,4,135.705,3.334002129,40.70333333
"1277",305,28,6,2,1,0,37.17166667,4.120266026,9.021666667
"2866",507,13.5,3,1,1,1,20.1,4.170124481,4.82
"3516",22,13.5,1,1,0,0,6.705,4.624137931,1.45
"59",4,21,6,1,0,0,46.70666666,2.172571517,21.49833333
"1315",4,148,29,11,7,3,408.3616665,3.853619792,105.9683333
"245",2,156,43,17,14,10,140.8983333,2.628700249,53.6
"2468",32,391.5,83,15,9,4,604.6299998,4.227344232,143.0283333
"1757",3,87,24,5,3,0,159.3516667,2.869736171,55.52833333
"1530",2,20,2,0,0,0,32.13333334,4.088210348,7.86
"1478",30,378,73,53,53,23,344.8183333,4.281684603,80.53333333
"2107",4,3,3,2,1,0,2.63,1,2.63
"2539",10,24.5,1,0,0,0,14.76333333,3.124514991,4.725
"589",3,171.5,45,16,8,2,311.5883333,3.476707641,89.62166667
"1553",15,312,94,22,13,10,700.6633334,3.330280825,210.3916667
"1375",4,59.5,15,6,3,1,180.5916666,3.672926341,49.16833333
"410",132,7.5,3,0,0,0,22.11333334,3.176442423,6.961666667
"2579",3,696.5,190,68,50,19,1098.533333,3.614527866,303.9216667
"20",2,270,48,17,12,4,549.39,4.68303286,117.315
"1581",46,52.5,12,9,7,4,65.84666667,3.6449857,18.065
"2261",252,42,10,3,3,3,82.60000001,3.136907399,26.33166667
"1077",19,88,20,0,0,0,71.07166665,4.109772552,17.29333333
"2734",4,8,1,0,0,0,20.365,3.604424779,5.65
"733",31,35,9,4,3,1,51.72499998,3.430418923,15.07833333
"1890",4,9,5,1,1,0,17.49833332,1.702448516,10.27833333
"747",202,12,3,2,2,2,16.33333333,3.769230769,4.333333333
"909",3,20,2,0,0,0,16.96666667,4.516415262,3.756666667
"571",24,123,34,4,2,0,146.955,2.984261829,49.24333333
"171",3,98,21,5,4,3,117.365,2.954188866,39.72833333
"1972",15,15,3,3,3,3,101.6666667,5,20.33333333
"2674",3,22.5,4,0,0,0,22.08166667,2.740227508,8.058333333
"3089",3,16,3,0,0,0,15.30666667,4,3.826666667
"313",111,36,5,2,1,0,85.49833332,4.276342114,19.99333333
"2629",4,12,4,2,2,1,10.71833333,2.807071148,3.818333333
"3356",413,12,4,1,1,0,11.77,2.909765142,4.045
"1614",19,532,133,55,46,20,669.3066667,3.555602777,188.24
"3344",34,3,4,1,0,0,3.265,1,3.265
"2414",25,168,33,9,5,2,183.1583334,3.867227364,47.36166667
"3111",4,48,15,3,3,2,132.7966667,2.972948771,44.66833333
"1360",4,9,2,0,0,0,48.08,4,12.02
"1655",354,60,16,9,8,4,58.94000001,3.773367478,15.62
"3504",3,24.5,6,3,3,1,26.14,3.00229709,8.706666667
"231",3,217,51,13,8,6,193.4566667,3.618379625,53.465
"112",19,252,45,12,8,2,280.6566667,4.590643913,61.13666667
"1880",25,66,21,5,5,2,97.39666667,2.902453561,33.55666667
"759",205,39,12,8,8,4,76.14,3.455411845,22.035
"2507",140,16,3,2,2,0,10.43,3.711743772,2.81
"1354",47,90,18,9,7,2,80.66499999,4.390330189,18.37333333
"1885",2,40.5,8,4,2,1,117.3333333,4.240963855,27.66666667
"1821",98,67.5,13,6,5,2,80.55666667,3.790901961,21.25
"2942",515,10.5,3,1,1,0,9.525,3.278829604,2.905
"1293",19,15,3,0,0,0,17.18833334,2.849682233,6.031666667
"2485",4,13.5,3,0,0,0,11.49833333,4.56585043,2.518333333
"923",13,60,11,0,0,0,106.6266667,3.658279963,29.14666667
"1975",109,17.5,8,3,3,2,42.24499999,2.682506085,15.74833333
"662",121,10.5,2,0,0,0,13.41666666,2.872947894,4.67
"1775",25,14,2,1,1,1,5.82,3.197802198,1.82
"3386",10,72,14,5,5,5,145.3333333,4.152380952,35
"1071",268,10.5,3,0,0,0,16.29166667,3.17679558,5.128333333
"1338",19,10,3,1,1,0,9.518333331,3.11226158,3.058333333
"1151",19,112,17,7,5,2,180.5116667,4.245335528,42.52
"38",15,50,9,4,4,4,45.84666666,4.92005008,9.318333333
"180",2,32,9,5,4,1,57.01000002,3.689569626,15.45166667
"548",7,66,20,6,4,1,101.3783333,3.097570912,32.72833333
"936",209,20,7,1,0,0,68.96500001,4.033040936,17.1
"1870",4,30,12,4,4,4,49.54666667,2.897465887,17.1
"1765",131,7.5,3,1,1,1,12.66666667,2.375,5.333333333
"2248",420,56,14,6,6,3,50.75499999,3.449592207,14.71333333
"1286",56,27,2,0,0,0,32.43833333,4.613178478,7.031666667
"351",110,136,28,23,21,14,218.12,3.74005487,58.32
"3378",561,20,5,4,3,1,18.145,3.84835631,4.715
"1311",30,7.5,3,1,1,0,6.345,2.328440367,2.725
"2553",3,7.5,2,1,1,0,15.905,4.072983355,3.905
"2314",3,14,5,4,4,0,12.82833334,2.536914964,5.056666667
"2832",503,148,30,9,7,1,292.8216667,4.004125074,73.13
"1438",129,255.5,72,57,30,13,341.9,3.440964825,99.36166667
"2511",3,12,4,4,3,0,50.98166666,2.6,19.60833333
"2970",359,7.5,3,2,2,1,29.67,2.487007544,11.93
"76",39,6,4,4,4,3,4.904999999,1.256081946,3.905
"1250",297,81,26,8,7,3,115.465,3.162269491,36.51333333
"106",50,108.5,28,8,8,5,308.1533333,3.59502236,85.71666667
"776",15,87.5,19,1,0,0,135.4733333,3.298595893,41.07
"1176",4,12,3,1,1,0,16.77333333,3.68914956,4.546666667
"1497",4,161,41,0,0,0,199.35,3.732447107,53.41
"585",135,21,5,2,1,0,30.26666668,2.63493906,11.48666667
"3399",176,7.5,3,0,0,0,14.52,2.806701031,5.173333333
"2448",4,69,24,9,6,0,133.9216667,2.500949298,53.54833333
"2891",92,15,3,3,2,1,14.05,5,2.81
"2078",3,100,23,16,16,4,142.7233333,4.158201418,34.32333333
"212",19,21,5,4,2,1,37.05833333,3.843560933,9.641666667
"1568",7,16,4,1,0,0,58.52000001,3.566842747,16.40666667
"403",73,13.5,3,1,0,0,15.28666667,4.720535255,3.238333333
"2438",19,1044,185,51,34,15,1213.736667,3.838145232,316.23
"2068",402,184.5,37,11,10,3,215.6766666,4.524527114,47.66833333
"3201",10,72,17,15,10,5,164.7416666,4.47323166,36.82833333
"871",222,132,24,10,10,5,160.7016667,3.855452037,41.68166667
"1820",4,16,3,0,0,0,10.625,2.833333333,3.75
"2602",239,15,3,3,2,1,14.05,5,2.81
"2526",458,9,2,1,0,0,7.984999999,3.125244618,2.555
"2844",389,15,3,2,0,0,93.99166665,5,18.79833333
"533",4,9,3,2,1,1,8.715,3,2.905
"1918",32,2871,582,274,211,103,3779.103333,4.666481445,809.84
"317",47,666,127,45,29,10,775.2116669,4.559621606,170.0166667
"1518",1,14,2,0,0,0,25.18666667,3.847250509,6.546666667
"1517",337,15,4,0,0,0,9.584999999,2.766233766,3.465
"1126",259,77.5,30,13,11,7,121.2,2.534151101,47.82666667
"955",4,927,180,23,23,23,1102.333333,4.427041499,249
"2920",2,45.5,10,1,0,0,39.94666666,3.225407078,12.385
"211",3,31.5,6,2,1,0,22.73,4.313092979,5.27
"2999",25,33,9,1,1,0,34.71666666,3.045321637,11.4
"1083",4,77,20,6,4,2,265.0366666,3.651229536,72.58833333
"1211",15,531,95,16,11,4,628.0600002,4.500877874,139.5416667
"2936",15,21,4,2,2,1,12.52333333,2.851612903,4.391666667
"3519",31,20,4,0,0,0,16.4,5,3.28
"1580",3,21,4,2,1,0,21.745,3.191536204,6.813333333
"3194",10,96,19,14,13,6,108.5533333,4.075079772,26.63833333
"602",2,94.5,23,18,15,3,94.83833333,3.693081516,25.68
"1034",3,42,13,4,3,2,68.735,3.26299549,21.065
"3419",15,520,102,27,23,11,681.7766666,4.050399034,168.3233333
"896",26,15,3,0,0,0,44.375,5,8.875
"2776",2,94.5,25,10,10,10,143.6666667,3.814159292,37.66666667
"289",105,35,9,5,4,1,47.93499999,3.247995483,14.75833333
"1281",306,6,3,1,1,1,21,2.644836272,7.94
"1782",98,84,22,12,12,12,82.99999999,3.192307692,26
"2216",3,196,42,13,12,6,203.8283334,4.007110092,50.86666667
"2697",161,42,14,5,3,1,58.945,3.454483298,17.06333333
"913",2,24,5,2,1,0,18.065,4.059550562,4.45
"3059",206,15,3,0,0,0,51.63,3,17.21
"591",2,10.5,1,0,0,0,3.973333332,4,0.993333333
"622",25,72,12,2,2,1,126.945,4.026591246,31.52666667
"3154",109,7.5,3,2,0,0,10.76333334,2.872775801,3.746666667
"3287",10,252,53,17,12,7,309.3883333,4.080204853,75.82666667
"1897",2,10.5,3,2,2,1,9.898333332,3.301278488,2.998333333
"2346",139,31.5,8,0,0,0,31.83833333,3.531706415,9.015
"3552",10,7.5,3,0,0,0,6.065,2.70155902,2.245
"1309",4,12,3,0,0,0,97.57999998,3.79787234,25.69333333
"1406",2,206.5,45,18,16,4,192.2083333,3.319373687,57.905
"1619",125,60,11,7,4,1,49.45,5,9.89
"3421",160,45.5,13,5,4,2,49.26333332,3.349348442,14.70833333
"1331",2,3,3,1,0,0,2.966666667,1,2.966666667
"834",112,25,9,1,1,1,15.82166667,1.807846125,8.751666667
"490",150,13.5,3,3,1,1,14.86,4.353515625,3.413333333
"145",61,13.5,2,2,1,0,11.045,4.621338912,2.39
"459",4,16,3,0,0,0,65.12,4,16.28
"461",4,56,13,0,0,0,93.40833332,3.461704756,26.98333333
"2765",19,268,62,48,32,15,292.4349999,3.707183604,78.88333333
"3169",46,24,3,3,2,1,18.05,3.752598753,4.81
"1330",32,156,33,11,6,2,231.095,4.031195488,57.32666667
"1028",259,45,17,3,2,1,96.22333334,2.475728988,38.86666667
"1989",139,12,4,4,3,2,15.14333333,3.382725242,4.476666667
"745",46,17.5,7,3,3,2,14.765,2.061670933,7.161666667
"1884",13,168,45,14,14,7,467.6016668,2.916737707,160.3166667
"102",48,48,13,7,6,3,72.70333334,3.536727744,20.55666667
"2522",3,9,0,0,0,0,9.264999999,3,3.088333333
"1571",171,12,2,0,0,0,16.93333333,4,4.233333333
"2260",421,12,3,3,3,1,11.335,4.033807829,2.81
"2932",97,4.5,3,0,0,0,12.31833333,1.584691252,7.773333333
"199",2,15,5,4,4,2,23.875,3.78968254,6.3
"3397",32,27,5,2,2,2,105.7933333,4.21655374,25.09
"1889",2,56,13,5,3,3,56.035,2.413221361,23.22
"2800",119,51,18,11,6,0,91.28833334,2.788565319,32.73666667
"2984",15,4.5,3,1,1,0,4.264999999,1.649903288,2.585
"2779",2,31.5,7,0,0,0,23.35,4.712411705,4.955
"1332",10,64,15,11,11,8,80.52666668,4.15478545,19.38166667
"2732",25,24.5,7,1,0,0,28.96166666,3.711448099,7.803333333
"2645",10,27,6,6,6,6,60.99999998,4.575,13.33333333
"1654",15,30,9,8,5,0,56.50666667,3.105615096,18.195
"704",19,38.5,5,0,0,0,72.60666667,3.594389439,20.2
"2122",60,18,6,2,1,1,44.78833333,3.122226095,14.345
"988",3,30,9,4,2,2,68.52166667,2.927025488,23.41
"2021",308,45.5,12,6,3,2,59.45500001,3.269153226,18.18666667
"2972",177,21,6,0,0,0,16.69833333,3.648579752,4.576666667
"2601",410,49,16,7,6,2,51.38999998,3.443600625,14.92333333
"470",60,12,5,1,1,0,17.49833333,2.600693584,6.728333333
"1279",2,85.5,17,9,8,2,123.6616667,4.708827823,26.26166667
"1481",25,60,15,0,0,0,47.21166665,3.139421478,15.03833333
"2521",60,22.5,4,3,3,1,43.30833334,4.744385613,9.128333333
"3331",552,112.5,22,7,7,4,151.5833333,4.755555556,31.875
"527",90,72,17,8,3,2,107.4783333,4.187467532,25.66666667
"1168",282,13.5,0,0,0,0,7.441666665,5,1.488333333
"109",51,128,31,18,16,8,228.485,3.8020634,60.095
"1980",388,10,4,2,1,1,13.175,2.5296,5.208333333
"2187",112,4.5,3,0,0,0,3.460000001,1.310606061,2.64
"254",93,4.5,2,0,0,0,3.745,2.146131805,1.745
"1070",267,15,2,1,0,0,57.86666665,5,11.57333333
"1308",313,17.5,5,2,1,0,15.52,3.352051836,4.63
"1548",4,67.5,17,10,7,4,77.46833336,4.265485914,18.16166667
"2371",4,633.5,156,62,50,20,930.0633333,3.713050016,250.485
"2460",32,311.5,81,25,22,12,391.6033335,3.845217249,101.8416667
"460",144,20,5,2,2,0,17.27,3.894024803,4.435
"2456",22,12,5,3,0,0,11.12833333,2.457489879,4.528333333
"1831",32,294,81,36,30,11,375.4033333,3.549409855,105.765
"3428",4,6,2,2,0,0,10.25666667,2,5.128333333
"9",4,15,2,1,1,1,9.966666665,5,1.993333333
"1905",112,60,16,9,6,1,130.3516667,2.961304002,44.01833333
"2076",125,10.5,3,2,2,0,9.87,3.752851711,2.63
"1040",22,284,59,37,37,12,322.16,4.097337629,78.62666667
"990",251,52.5,20,10,10,4,76.29,2.800660793,27.24
"875",9,292,68,36,28,12,319.9333334,3.724196803,85.90666667
"608",32,7.5,2,0,0,0,2.04,1.5,1.36
"3342",19,12.5,0,0,0,0,9.913333332,1.673607203,5.923333333
"837",219,324,65,13,11,5,346.6183333,4.191865035,82.68833333
"120",25,10,1,0,0,0,15.65,2.804659498,5.58
"986",97,188,40,22,17,8,227.6383333,4.066180411,55.98333333
"1688",154,12.5,3,0,0,0,12.66333333,2.424377792,5.223333333
"1622",65,1066.5,203,84,70,25,1449.21,4.309939578,336.2483333
"1036",1,12,4,0,0,0,25.12,3.06216985,8.203333333
"1950",24,13.5,3,0,0,0,49.58666665,4.932360743,10.05333333
"1231",293,21,6,2,1,1,19.39166667,2.883519207,6.725
"620",3,632,148,45,34,16,1197.91,4.288588562,279.325
"2922",32,1516,331,113,83,41,2063.596667,4.062558035,507.955
"2242",140,15,5,4,4,0,14.395,3.035852373,4.741666667
"2588",88,196,37,0,0,0,239.6583334,4.020325999,59.61166667
"1029",15,37.5,12,2,0,0,58.7,2.875336762,20.415
"2375",10,33,8,2,0,0,21.06166667,2.741809503,7.681666667
"1611",348,24,13,6,5,0,23.19166668,1.621039143,14.30666667
"3454",566,13.5,3,0,0,0,11.705,4.700803213,2.49
"265",12,10.5,3,1,0,0,9.63,3.633962264,2.65
"1789",62,6,3,2,1,1,5.439999999,1.996330275,2.725
"46",28,40.5,9,6,1,1,40.38666667,4.624427481,8.733333333
"982",24,115.5,31,10,6,0,120.01,3.713755222,32.315
"1056",3,85.5,16,4,3,1,192.045,4.686691613,40.97666667
"584",33,24,7,4,4,2,28.97333333,3.259092613,8.89
"1513",54,69,20,6,6,4,113.0766667,3.481245831,32.48166667
"2278",15,24.5,6,4,4,1,37.04333333,3.813658202,9.713333333
"89",34,12,3,2,2,2,33,4.304347826,7.666666667
"1929",15,27.5,4,2,0,0,40.25666668,2.706937129,14.87166667
"1711",361,14,4,2,1,1,26.68666666,2.461112819,10.84333333
"1395",324,12,7,4,2,0,25.93999999,1.791642684,14.47833333
"2611",107,20,5,0,0,0,39.95833333,4.072532699,9.811666667
"2418",3,66.5,16,15,13,3,126.3883333,2.848294772,44.37333333
"310",13,21,5,2,2,2,49.01666665,3.858567305,12.70333333
"1522",339,36,8,2,2,2,73.73,4.280406386,17.225
"3267",4,21,2,0,0,0,32.855,3.579625931,9.178333333
"3382",4,13.5,2,0,0,0,17.75833334,5,3.551666667
"420",62,77,22,13,12,4,117.89,3.414297437,34.52833333
"2264",1,36,12,3,3,2,57.02999999,2.985342872,19.10333333
"2933",60,33,10,3,1,1,55.83666666,2.927217125,19.075
"716",142,340,68,24,18,9,303.4016666,3.865481802,78.49
"1781",3,77,15,0,0,0,78.945,3.213500678,24.56666667
"1678",4,10.5,2,1,0,0,8.078333334,1.811962617,4.458333333
"246",10,12,5,3,2,2,21.36,3.369085174,6.34
"1680",4,24,5,0,0,0,31.05333334,2.949968334,10.52666667
"1453",331,160,36,10,7,2,292.14,4.064368029,71.87833333
"163",67,15,6,2,2,0,18.88833333,2.742075974,6.888333333
"2333",430,25,3,1,1,1,24.56666667,5,4.913333333
"1932",3,30,6,6,6,4,57.70833335,5,11.54166667
"1143",85,35,9,6,5,0,34.41833333,3.941782783,8.731666667
"1353",97,10.5,3,1,0,0,40.34833334,3.525411388,11.445
"862",4,462,125,51,37,16,731.9250002,3.894737309,187.9266667
"2421",4,48,12,3,3,3,179.3333333,4.075757576,44
"785",3,42,3,0,0,0,67.58166665,4.17858615,16.17333333
"2658",41,45,9,5,5,1,76.49833335,4.76278925,16.06166667
"1072",15,17.5,4,0,0,0,15.88,3.415053763,4.65
"582",25,10,4,2,2,0,19.62833334,3.418577649,5.741666667
"3367",559,14,3,0,0,0,8.72,3.280250784,2.658333333
"3274",4,12.5,4,2,1,1,11.345,3.045637584,3.725
"1923",3,130.5,28,17,14,9,160.4066667,4.2767508,37.50666667
"1776",25,49,14,8,7,3,47.29666668,3.499136868,13.51666667
"178",71,25,7,1,1,1,35,5,7
"230",32,116,26,0,0,0,138.1933333,4.350718858,31.76333333
"2683",102,24,8,2,1,1,34.58666666,3.151883354,10.97333333
"2889",2,28,8,2,1,1,72.68833333,3.723787568,19.52
"1152",32,44,9,2,1,0,124.2033333,4.481987129,27.71166667
"2115",3,45.5,12,0,0,0,41.62000001,3.318538206,12.54166667
"2708",15,24.5,6,0,0,0,18.875,4.011689692,4.705
"2707",47,30,10,6,4,1,42.86666668,2.244132275,19.10166667
"1398",3,17.5,4,2,2,2,15.56,3.353448276,4.64
"2059",398,40,8,3,3,2,69.69500001,4.041070738,17.24666667
"2077",381,36,11,7,4,2,51.71166668,4.163021602,12.42166667
"273",15,99,20,5,4,2,84.45833335,4.452987698,18.96666667
"2035",15,30,9,3,1,1,47.57000001,3.253391086,14.62166667
"297",25,87.5,19,7,6,2,92.56666668,3.336737759,27.74166667
"1986",19,692,118,28,23,12,678.4833332,3.924742586,172.8733333
"718",25,87.5,24,8,6,5,94.35333334,3.832904536,24.61666667
"2164",65,7.5,3,3,2,2,7.809999999,2.688468158,2.905
"1901",2,128,27,12,10,2,181.9433334,3.533452015,51.49166667
"609",4,22.5,2,0,0,0,35.6,5,7.12
"1594",15,54,12,0,0,0,103.7483334,3.987764254,26.01666667
"971",2,18,6,4,4,2,13.455,2.178947368,6.175
"687",3,76.5,11,4,4,2,99.25000001,4.8062954,20.65
"1526",107,160,34,6,4,2,244.6966667,4.077032018,60.01833333
"3013",25,44,10,0,0,0,29.10833334,3.726264135,7.811666667
"2420",444,6,3,1,1,0,7.113333334,1.458148275,4.878333333
"2040",3,434,98,25,18,5,720.91,3.858951369,186.815
"2453",2,49,14,10,8,1,72.33500001,3.23767251,22.34166667
"3256",3,232.5,81,27,25,8,290.7333333,2.687620368,108.175
"569",2,10,3,2,1,1,6.005000001,2.203669725,2.725
"1577",4,20,4,0,0,0,41.26,4.449317038,9.273333333
"619",4,15,4,1,1,1,29.22333335,2.860358891,10.21666667
"2985",2,60,12,4,3,1,64.27,4.005609224,16.045
"2874",508,36,5,4,4,2,20.43,4.247401247,4.81
"2592",15,24,5,1,1,0,38.37666668,3.385180829,11.33666667
"2291",134,15,2,0,0,0,17.38333334,5,3.476666667
"2048",15,208,52,25,18,7,345.61,3.846236599,89.85666667
"2606",4,7.5,3,1,1,0,6.73,2.644400786,2.545
"3275",5,276,59,16,14,6,416.5616665,4.156541551,100.2183333
"6",7,18,9,5,5,1,31.24500001,2.673559612,11.68666667
"2033",4,21,5,2,2,0,16.52833334,3.411420709,4.845
"2020",2,1116.5,308,85,62,30,1586.526667,3.642749447,435.53
"1560",3,20,4,0,0,0,20.685,4.790042455,4.318333333
"252",91,24.5,7,5,4,3,23.335,3.426578561,6.81
"1814",20,66.5,15,7,5,2,103.12,3.690325659,27.94333333
"565",171,8,4,1,1,1,8.553333333,1.878477306,4.553333333
"2681",19,272,55,22,13,8,379.0233333,3.795357065,99.865
"37",23,7.5,3,0,0,0,6.333333333,2.369077307,2.673333333
"3530",251,10,3,1,0,0,37.47833333,2.546947559,14.715
"2679",251,56,13,2,0,0,202.91,4.519992575,44.89166667
"492",4,25,9,2,1,1,21.84833334,2.598414272,8.408333333
"3445",90,24.5,1,0,0,0,18.98,3.698603443,5.131666667
"2355",392,584,109,0,0,0,827.1133335,3.813310179,216.9016667
"284",60,57,19,7,6,3,110.4066667,3.287706586,33.58166667
"3152",32,93,28,7,6,3,99.40499999,3.009081277,33.035
"1694",97,25,4,1,1,0,19.525,5,3.905
"2805",4,9,3,0,0,0,29.41999999,2.465363128,11.93333333
"3281",15,872,198,81,58,22,1227.051667,3.903663839,314.3333333
"1639",353,126,34,20,13,6,159.8033333,3.490934246,45.77666667
"2578",32,66.5,10,1,1,1,81.99333335,4.021909745,20.38666667
"1404",177,24.5,7,2,1,0,60.74999999,3.300733496,18.405
"415",88,12,4,0,0,0,28.34333333,2.851441985,9.94
"1039",4,45,9,2,2,1,94.95666666,4.100914129,23.155
"3216",10,108,27,11,11,11,191.3333333,3.610062893,53
"961",9,135,28,14,14,5,185.985,4.468287018,41.62333333
"692",7,59.5,15,6,4,2,46.965,3.152013423,14.9
"2941",12,42,12,3,3,2,66.75666667,3.458894646,19.3
"61",33,17.5,4,2,2,0,11.43,3,3.81
"3075",7,7.5,3,2,1,0,6.054999999,2.486652977,2.435
"2761",216,21,4,1,1,1,32.01333334,3.76775206,8.496666667
"2434",335,152,30,12,10,3,246.31,3.85753439,63.85166667
"1480",3,1004,214,81,64,30,1462.563333,3.839202355,380.955
"2320",59,455,86,18,15,4,568.9733332,4.607879925,123.4783333
